"_sid","_timestamp",now,"_endTime","_search_StartTime","_search_lt","_api_lt","_rt_earliest","_rt_latest","_rtspan","_scan_count","_drop_count","_maxevents","_countMap","_search_StartUp_Spent","_columnOrder","_keySet","_indexes","_remoteServers","_max_remote_servers","_group_list","is_remote_sorted","rt_backfill","read_raw","sample_ratio","sample_seed","sample_exact","enable_event_stream","remote_log_download_mode","_default_group","_timeline_events_preview","_rtoptions","field_rendering","field_metadata","_query_finished","_request_finalization","_fully_completed_search","_auth_token","_splunkd_port","_splunkd_protocol","_splunkd_uri","prd_preview_mode","prd_preview_reducer_enabled","internal_only","summary_mode","summary_maxtimespan","summary_stopped","is_batch_mode","_retry_count","kv_store_settings","kv_store_additional_settings","_dsi_id","_base_lispy","_root_sid","_shp_id","_search","_remote_search","_reduce_search","_search_type","_datamodel_map","_optional_fields_json","_tstats_reduce","_tstats_search_filter","_normalized_search","summary_id","normalized_summary_id","required_tags_to_summarize","generation_id",site,"bucket_map_id",label,"savedsearch_label","is_saved_search","is_flex_search","is_shc_mode","is_cluster_slave","is_adhoc_proxied","search_can_be_event_type",realtime,"indexed_realtime","indexed_realtime_offset","replay_speed","_rt_batch_retry","_read_buckets_since_startup","_ppc.app","_ppc.user","_ppc.bs","_bundle_version","vix_families","_tz","_is_scheduled","_is_summary_index","_is_remote","_orig_search_head","_search_metrics","workload_pool","workload_info","_indexContainWildcard","workload_search_time_range","contains_delete_command","check_dangerous_command","_bs_thread_count","_bs_pipeline_identifier","_is_export","_exported_results","_is_keepalive","_rate_limit_retry_enabled","_results_format","_compression_algorithm","_force_compat_results","_execution_plan","phase_id","_report_tsidx_search_inspections","_is_federation_enabled","_fsh_streaming_phase_only","_fsh_sid","_is_fsh_remote_search","_fsh_server_name","_fsh_providers","_fsh_roles","_fsh_user","_fsh_search_info","_use_fsh_ko","fsh_version","_fsh_guid"
"subsearch_scheduler__nobody_c3BsdW5rX21vbml0b3JpbmdfY29uc29sZQ__RMD54740dfff07b17ef1_at_1686134023_0_1686134055.1","1686134054.972020000","1686134023.000000000","1686134023.000000000","1686134055.196775000","1686134023.000000000","1686134023.000000000","","","",0,0,0,"duration.command.eval;0;duration.command.fields;0;duration.command.mvcombine;0;duration.command.prerest;14;duration.command.rename;0;duration.command.rest;0;duration.command.rest.execute_input;0;duration.command.rest.execute_output;0;duration.command.where;0;duration.dispatch.createdSearchResultInfrastructure;4;duration.dispatch.evaluate.eval;0;duration.dispatch.evaluate.fields;0;duration.dispatch.evaluate.mvcombine;0;duration.dispatch.evaluate.rename;0;duration.dispatch.evaluate.rest;0;duration.dispatch.evaluate.where;0;duration.dispatch.fetch.rcp.phase_0;16;duration.dispatch.finalWriteToDisk;0;duration.dispatch.localSearch;14;duration.dispatch.stream.local;14;duration.dispatch.writeStatus;4;in_ct.command.eval;0;in_ct.command.fields;0;in_ct.command.mvcombine;0;in_ct.command.prerest;0;in_ct.command.rename;0;in_ct.command.rest;0;in_ct.command.rest.execute_input;0;in_ct.command.rest.execute_output;0;in_ct.command.where;0;invocations.command.eval;1;invocations.command.fields;2;invocations.command.mvcombine;1;invocations.command.prerest;1;invocations.command.rename;1;invocations.command.rest;4;invocations.command.rest.execute_input;3;invocations.command.rest.execute_output;1;invocations.command.where;1;invocations.dispatch.createdSearchResultInfrastructure;1;invocations.dispatch.evaluate.eval;2;invocations.dispatch.evaluate.fields;4;invocations.dispatch.evaluate.mvcombine;2;invocations.dispatch.evaluate.rename;2;invocations.dispatch.evaluate.rest;2;invocations.dispatch.evaluate.where;2;invocations.dispatch.fetch.rcp.phase_0;3;invocations.dispatch.finalWriteToDisk;1;invocations.dispatch.localSearch;1;invocations.dispatch.stream.local;1;invocations.dispatch.writeStatus;3;out_ct.command.eval;0;out_ct.command.fields;0;out_ct.command.mvcombine;0;out_ct.command.prerest;0;out_ct.command.rename;0;out_ct.command.rest;0;out_ct.command.rest.execute_input;0;out_ct.command.rest.execute_output;0;out_ct.command.where;0;",6,"peerURI search_groups _*","","","",0,"",0,0,1,1,0,0,0,disabledSavedSearches,"*",0,"","","peerURI;str\;;",1,0,1,"sSuoDWAn4qHoVUWbpM_YK65I7eiZqb4ERsEXG5d6wS8DnStaCUsFjS6VoQVhsiRVKP_4QC2rfb7TLGMTcg0IaBR9x5Rfdn6kUFQjXdnG9bZqXN8XQUjH6TSUSUSk8Y82Sr9LXeisBW6SNYkkccaheDYPjL_MY93AHghXC4dYrH8IrMh8s9w1zEmv^mJqYDYY70XoGHo_COS13NoxzlpvyiEx8dDxuaPzviRRtTeKAfnlVUKR",8089,https,"https://127.0.0.1:8089",0,0,0,none,"",0,0,0,"external_kvstore;0;hosts;127.0.0.1:8191\;;local;127.0.0.1:8191;read_preference;3A2CADE8-05FE-4F57-BBB1-71383F3FF5D3;replica_set_name;3A2CADE8-05FE-4F57-BBB1-71383F3FF5D3;sh_id;3A2CADE8-05FE-4F57-BBB1-71383F3FF5D3;status;ready;","hosts_guids;3A2CADE8-05FE-4F57-BBB1-71383F3FF5D3\;;",0,"","scheduler__nobody_c3BsdW5rX21vbml0b3JpbmdfY29uc29sZQ__RMD54740dfff07b17ef1_at_1686134023_0","3A2CADE8-05FE-4F57-BBB1-71383F3FF5D3"," | rest /services/search/distributed/groups splunk_server=local | fields + title, member | where isnotnull(mvfind(member,""localhost:localhost"")) | eval peerURI=""localhost"" | rename title as search_groups | fields + peerURI, search_groups | mvcombine delim="" "" search_groups","","","","","{}","","","prerest splunk_server=""83ab9769e42e"" timeout=60 ""/services/search/distributed/groups?count=0""","3A2CADE8-05FE-4F57-BBB1-71383F3FF5D3_splunk_monitoring_console_nobody_e42061f7911801be","3A2CADE8-05FE-4F57-BBB1-71383F3FF5D3_splunk_monitoring_console_nobody_NSde442ff78ea0e117","",0,default,0,"","",0,0,0,0,0,0,0,0,0,0,0,0,"splunk_monitoring_console","splunk-system-user","$SPLUNK_ETC",0,"<root>
  <add_ons>
    <add_on name=""hadoop"" type=""external_results_provider"">
      <parameter key=""erp_type"" value=""report""/>
      <parameter key=""guid"" value=""6F416E61-B40E-461C-A782-CBC186E98133""/>
      <parameter key=""maxNodes"" value=""200""/>
    </add_on>
  </add_ons>
</root>
","### SERIALIZED TIMEZONE FORMAT 1.0;C0;Y0 NW 55 54 43;@-576460752303423488 0;$",1,0,0,"","{""ConsideredBuckets"":0,""EliminatedBuckets"":0,""ConsideredEvents"":0,""TotalSlicesInBuckets"":0,""DecompressedSlices"":0,""FieldMetadata_Events"":"""",""Partition"":{}}","","",0,"",0,0,1,0,0,0,0,0,srs,none,0,classic,4294967295,0,0,0,"",0,"","","","","",0,"",""
