"_sid","_timestamp",now,"_startTime","_endTime","_search_StartTime","_search_et","_search_lt","_rt_earliest","_rt_latest","_rtspan","_scan_count","_drop_count","_maxevents","_countMap","_search_StartUp_Spent","_columnOrder","_keySet","_indexes","_remoteServers","_max_remote_servers","_group_list","is_remote_sorted","rt_backfill","read_raw","sample_ratio","sample_seed","sample_exact","enable_event_stream","remote_log_download_mode","_default_group","_timeline_events_preview","_rtoptions","field_rendering","field_metadata","_query_finished","_request_finalization","_fully_completed_search","_dp","_auth_token","_splunkd_port","_splunkd_protocol","_splunkd_uri","prd_preview_mode","prd_preview_reducer_enabled","internal_only","summary_mode","summary_maxtimespan","summary_stopped","is_batch_mode","bm_buckets_to_use","_retry_count","kv_store_settings","kv_store_additional_settings","_dsi_id","_base_lispy","_root_sid","_shp_id","_search","_remote_search","_reduce_search","_search_type","_datamodel_map","_optional_fields_json","_tstats_reduce","_tstats_search_filter","_normalized_search","summary_id","normalized_summary_id","required_tags_to_summarize","generation_id",site,"bucket_map_id",label,"savedsearch_label","is_saved_search","is_flex_search","is_shc_mode","is_cluster_slave","is_adhoc_proxied","search_can_be_event_type",realtime,"indexed_realtime","indexed_realtime_offset","replay_speed","_rt_batch_retry","_read_buckets_since_startup","_ppc.app","_ppc.user","_ppc.bs","_bundle_version","vix_families","_tz","_is_scheduled","_is_summary_index","_is_remote","_orig_search_head",msgType,msg,"msg_key",msgInfo,"_search_metrics","workload_pool","workload_info","_indexContainWildcard","workload_search_time_range","contains_delete_command","check_dangerous_command","_bs_thread_count","_bs_pipeline_identifier","_is_export","_exported_results","_is_keepalive","_rate_limit_retry_enabled","_results_format","_compression_algorithm","_force_compat_results","_execution_plan","phase_id","_report_tsidx_search_inspections","_is_federation_enabled","_fsh_streaming_phase_only","_fsh_sid","_is_fsh_remote_search","_fsh_server_name","_fsh_providers","_fsh_roles","_fsh_user","_fsh_search_info","_use_fsh_ko","fsh_version","_fsh_guid"
"alertsmanager_1686134034.1","1686134034.972926000","1686134034.951921000","1685529234.000000000","1686134035.313836000","1686134034.954811000","1685529234.000000000","1686134035.274157000","","","",24,0,0,"duration.command.addinfo;0;duration.command.fields;0;duration.command.noop;0;duration.command.prestats;0;duration.command.rex;0;duration.command.search;149;duration.command.search.batch.cache_setup;49;duration.command.search.batch.sort;0;duration.command.search.calcfields;0;duration.command.search.evalfilter;1;duration.command.search.expand_search;17;duration.command.search.expand_search.calcfield;0;duration.command.search.expand_search.fieldaliaser;0;duration.command.search.expand_search.indexed_fields;0;duration.command.search.expand_search.kv;0;duration.command.search.expand_search.lookup;0;duration.command.search.expand_search.sourcetype;0;duration.command.search.fieldalias;0;duration.command.search.filter;2;duration.command.search.index;49;duration.command.search.index.usec_1_8;0;duration.command.search.index.usec_512_4096;0;duration.command.search.index.usec_64_512;0;duration.command.search.index.usec_8_64;0;duration.command.search.kv;6;duration.command.search.lookups;0;duration.command.search.parse_directives;0;duration.command.search.rawdata;71;duration.command.search.summary;0;duration.command.search.tags;0;duration.command.search.track_sourcetypes;0;duration.command.search.typer;0;duration.command.stats;0;duration.command.stats.execute_input;0;duration.command.stats.execute_output;0;duration.dispatch.createdSearchResultInfrastructure;3;duration.dispatch.evaluate.fields;0;duration.dispatch.evaluate.rex;0;duration.dispatch.evaluate.search;51;duration.dispatch.evaluate.stats;0;duration.dispatch.fetch.rcp.phase_0;243;duration.dispatch.finalWriteToDisk;0;duration.dispatch.localSearch;151;duration.dispatch.stream.local;149;duration.dispatch.writeStatus;12;duration.startup.configuration;42;duration.startup.handoff;260;in_ct.command.addinfo;0;in_ct.command.fields;0;in_ct.command.noop;0;in_ct.command.prestats;0;in_ct.command.rex;0;in_ct.command.search;0;in_ct.command.search.calcfields;24;in_ct.command.search.evalfilter;24;in_ct.command.search.fieldalias;24;in_ct.command.search.filter;24;in_ct.command.search.lookups;24;in_ct.command.search.tags;0;in_ct.command.search.typer;0;in_ct.command.stats;0;in_ct.command.stats.execute_input;0;in_ct.command.stats.execute_output;0;invocations.command.addinfo;12;invocations.command.fields;13;invocations.command.noop;1;invocations.command.prestats;12;invocations.command.rex;24;invocations.command.search;13;invocations.command.search.batch.cache_setup;11;invocations.command.search.batch.sort;10;invocations.command.search.calcfields;16;invocations.command.search.evalfilter;16;invocations.command.search.expand_search;2;invocations.command.search.expand_search.calcfield;2;invocations.command.search.expand_search.fieldaliaser;2;invocations.command.search.expand_search.indexed_fields;2;invocations.command.search.expand_search.kv;2;invocations.command.search.expand_search.lookup;2;invocations.command.search.expand_search.sourcetype;2;invocations.command.search.fieldalias;16;invocations.command.search.filter;17;invocations.command.search.index;13;invocations.command.search.index.usec_1_8;661;invocations.command.search.index.usec_512_4096;10;invocations.command.search.index.usec_64_512;4;invocations.command.search.index.usec_8_64;14;invocations.command.search.kv;16;invocations.command.search.lookups;16;invocations.command.search.parse_directives;2;invocations.command.search.rawdata;11;invocations.command.search.summary;12;invocations.command.search.tags;16;invocations.command.search.track_sourcetypes;12;invocations.command.search.typer;16;invocations.command.stats;15;invocations.command.stats.execute_input;14;invocations.command.stats.execute_output;1;invocations.dispatch.createdSearchResultInfrastructure;1;invocations.dispatch.evaluate.fields;2;invocations.dispatch.evaluate.rex;4;invocations.dispatch.evaluate.search;4;invocations.dispatch.evaluate.stats;2;invocations.dispatch.fetch.rcp.phase_0;14;invocations.dispatch.finalWriteToDisk;1;invocations.dispatch.localSearch;1;invocations.dispatch.stream.local;12;invocations.dispatch.writeStatus;3;invocations.startup.configuration;2;invocations.startup.handoff;2;out_ct.command.addinfo;0;out_ct.command.fields;0;out_ct.command.noop;0;out_ct.command.prestats;0;out_ct.command.rex;0;out_ct.command.search;0;out_ct.command.search.calcfields;24;out_ct.command.search.evalfilter;24;out_ct.command.search.fieldalias;24;out_ct.command.search.filter;0;out_ct.command.search.lookups;24;out_ct.command.search.tags;0;out_ct.command.search.typer;0;out_ct.command.stats;0;out_ct.command.stats.execute_input;0;out_ct.command.stats.execute_output;0;prereport_events;0;",162,"sid trigger_time alert_actions severity expiration ss_name ss_app ss_user digest_mode triggered_alerts","*trigger_time* action::alert_* deleted::0 earliest_time::-7d index::_audit sid splunk_server::83ab9769e42e","","",0,"",0,0,1,1,0,0,0,disabledSavedSearches,"*",0,"","","sid;unknown\;groupby_rank\;0\;;trigger_time;unknown\;groupby_rank\;1\;;",1,0,1,"13/13","g03IghgWwUbRLiH_wjueu7pKuKqM4cLC4NTOZiS4ih24BF8BUdsGf5_WUgSAp^Q1iRITVeaYcNMgiL4G7ICrZt3HTttvgjYZ7JkIwbfM09niR85_5u0xY__vwXYLL1YegyWJGzbd3_h4Rsg120yvebLjz7P2",8089,https,"https://127.0.0.1:8089",0,0,0,none,"",0,1,"",0,"external_kvstore;0;hosts;127.0.0.1:8191\;;local;127.0.0.1:8191;read_preference;3A2CADE8-05FE-4F57-BBB1-71383F3FF5D3;replica_set_name;3A2CADE8-05FE-4F57-BBB1-71383F3FF5D3;sh_id;3A2CADE8-05FE-4F57-BBB1-71383F3FF5D3;status;ready;","hosts_guids;3A2CADE8-05FE-4F57-BBB1-71383F3FF5D3\;;",0,"[ AND index::_audit sid splunk_server::83ab9769e42e time trigger [ OR action::alert_* alert ] ]","alertsmanager_1686134034.1","3A2CADE8-05FE-4F57-BBB1-71383F3FF5D3","search earliest_time=-7d splunk_server=local index=_audit sid trigger_time action=alert_* (expiration>1686134034 OR NOT expiration=*) | rex "",\s*ss_name=\""(?<ss_name>(?:[^\""]+|\""(?!,\s*sid=))*)\"",\s*sid=\""""| rex "",\s*sid=\""(?<sid>.*)\"",\s+\w+_\w+="" | stats sum(deleted) AS deleted,    list(alert_actions) AS alert_actions, list(severity) AS severity,   list(expiration) AS expiration    list(ss_name) AS ss_name,   list(ss_app) AS ss_app,           list(ss_user) AS ss_user   list(digest_mode) AS digest_mode, list(triggered_alerts) AS triggered_alerts  BY sid, trigger_time | search NOT deleted=* OR deleted=0 | fields - deleted ","","sistats sum(deleted) AS deleted list(alert_actions) AS alert_actions list(severity) AS severity list(expiration) AS expiration list(ss_name) AS ss_name list(ss_app) AS ss_app list(ss_user) AS ss_user list(digest_mode) AS digest_mode list(triggered_alerts) AS triggered_alerts BY sid trigger_time","","","{}","","","litsearch (earliest_time=-7d splunk_server=83ab9769e42e index=_audit sid trigger_time action=alert_* (expiration>1686134034 OR NOT expiration=*)) | rex "",\s*ss_name=\""(?<ss_name>(?:[^\""]+|\""(?!,\s*sid=))*)\"",\s*sid=\"""" | rex "",\s*sid=\""(?<sid>.*)\"",\s+\w+_\w+="" | addinfo type=count label=prereport_events | fields keepcolorder=t ""alert_actions"" ""deleted"" ""digest_mode"" ""expiration"" ""prestats_reserved_*"" ""psrsvd_*"" ""severity"" ""sid"" ""ss_app"" ""ss_name"" ""ss_user"" ""trigger_time"" ""triggered_alerts"" | prestats list(alert_actions) list(digest_mode) list(expiration) list(severity) list(ss_app) list(ss_name) list(ss_user) list(triggered_alerts) sum(deleted) by sid trigger_time","3A2CADE8-05FE-4F57-BBB1-71383F3FF5D3_search_nobody_08f1551c61450d92","3A2CADE8-05FE-4F57-BBB1-71383F3FF5D3_search_nobody_NS027afd6893908905","",0,default,0,"","",0,0,0,0,0,0,0,0,0,0,0,0,search,"splunk-system-user","$SPLUNK_ETC",0,"<root>
  <add_ons>
    <add_on name=""hadoop"" type=""external_results_provider"">
      <parameter key=""erp_type"" value=""report""/>
      <parameter key=""guid"" value=""6F416E61-B40E-461C-A782-CBC186E98133""/>
      <parameter key=""maxNodes"" value=""200""/>
    </add_on>
  </add_ons>
</root>
","### SERIALIZED TIMEZONE FORMAT 1.0;C0;Y0 NW 55 54 43;@-576460752303423488 0;$",1,0,0,"",,,,,"{""ConsideredBuckets"":13,""EliminatedBuckets"":0,""ConsideredEvents"":24,""TotalSlicesInBuckets"":10,""DecompressedSlices"":0,""FieldMetadata_Events"":"""",""Partition"":{}}","","",0,"",0,0,1,0,0,0,0,0,srs,none,0,classic,4294967295,0,0,0,"",0,"","","","","",0,"",""
,,,,,,,,,,,,,,,,,,,,,,,,,,,,,,,,,,,,,,,,,,,,,,,,,,,,,,,,,,,,,,,,,,,,,,,,,,,,,,,,,,,,,,,,,,,,,,,,,INFO,"Your timerange was substituted based on your search string","","{""peer_name"":[""83ab9769e42e""],""target"":""auto""}",,,,,,,,,,,,,,,,,,,,,,,,,,,,,,,
